"","elpd_diff","se_diff","elpd_loo","se_elpd_loo","p_loo","se_p_loo","looic","se_looic"
"model1",0,0,178.877676335317,22.2838186492029,54.2124269034943,9.74981588445482,-357.755352670634,44.5676372984057
"model2",-36.4790439501707,14.4667512002054,142.398632385146,16.2263863430274,8.93834302988788,2.1064948867074,-284.797264770292,32.4527726860549
"model3",-49.5519392795725,17.3504738334973,129.325737055744,16.7205993901036,5.8863907082145,1.30037639349236,-258.651474111489,33.4411987802072
